INSERT INTO PERFIL(nome) VALUES('CLIENTE');
INSERT INTO PERFIL(nome) VALUES('RESTAURANTE');
INSERT INTO PERFIL(nome) VALUES('ENTREGADOR');


INSERT INTO STATUS(NOME) VALUES ('ABERTO');
INSERT INTO STATUS(NOME) VALUES ('PREPARANDO');
INSERT INTO STATUS(NOME) VALUES ('ATRIBUIDO');
INSERT INTO STATUS(NOME) VALUES ('BUSCAR');
INSERT INTO STATUS(NOME) VALUES ('ENTREGUE');


INSERT INTO TIPO_ENTREGA(NOME) VALUES ('BUSCAR');
INSERT INTO TIPO_ENTREGA(NOME) VALUES ('ENTREGAR');


INSERT INTO USUARIO(email, senha,perfil_id) VALUES('GUILHERME@GMAIL.COM', 'FIAP01',1);
INSERT INTO USUARIO(email, senha,perfil_id) VALUES('MARCELLO@GMAIL.COM', 'FIAP01',2);
INSERT INTO USUARIO(email, senha,perfil_id) VALUES('TADAO@GMAIL.COM', 'FIAP01',3);
INSERT INTO USUARIO(email, senha,perfil_id) VALUES('ALAN@GMAIL.COM', 'FIAP01',1);
INSERT INTO USUARIO(email, senha,perfil_id) VALUES('JUBILEU@GMAIL.COM', 'FIAP01',2);
INSERT INTO USUARIO(email, senha,perfil_id) VALUES('TAGOD@GMAIL.COM', 'FIAP01',3);
INSERT INTO USUARIO(email, senha,perfil_id) VALUES('ALAN@GMAIL.COM', 'FIAP01',1);
INSERT INTO USUARIO(email, senha,perfil_id) VALUES('ROBERTO@GMAIL.COM', 'FIAP01',2);
INSERT INTO USUARIO(email, senha,perfil_id) VALUES('MARIA@GMAIL.COM', 'FIAP01',3);
INSERT INTO USUARIO(email, senha,perfil_id) VALUES('JOAO@GMAIL.COM', 'FIAP01',1);
INSERT INTO USUARIO(email, senha,perfil_id) VALUES('JOSE@GMAIL.COM', 'FIAP01',2);
INSERT INTO USUARIO(email, senha,perfil_id) VALUES('MATIAS@GMAIL.COM', 'FIAP01',3);
INSERT INTO USUARIO(email, senha,perfil_id) VALUES('ANA@GMAIL.COM', 'FIAP01',1);
INSERT INTO USUARIO(email, senha,perfil_id) VALUES('ZILDA@GMAIL.COM', 'FIAP01',2);
INSERT INTO USUARIO(email, senha,perfil_id) VALUES('MARCOS@GMAIL.COM', 'FIAP01',3);
INSERT INTO USUARIO(email, senha,perfil_id) VALUES('BRUNO@GMAIL.COM', 'FIAP01',1);
INSERT INTO USUARIO(email, senha,perfil_id) VALUES('PEDRO@GMAIL.COM', 'FIAP01',2);
INSERT INTO USUARIO(email, senha,perfil_id) VALUES('NATAN@GMAIL.COM', 'FIAP01',3);
INSERT INTO USUARIO(email, senha,perfil_id) VALUES('RENAN@GMAIL.COM', 'FIAP01',1);
INSERT INTO USUARIO(email, senha,perfil_id) VALUES('NICOLAS@GMAIL.COM', 'FIAP01',2);
INSERT INTO USUARIO(email, senha,perfil_id) VALUES('FELIPE@GMAIL.COM', 'FIAP01',3);


INSERT INTO CATEGORIA_RESTAURANTE(nome) VALUES ('LANCHE');
INSERT INTO CATEGORIA_RESTAURANTE(nome) VALUES ('ARABE');
INSERT INTO CATEGORIA_RESTAURANTE(nome) VALUES ('HAMBURGUER');
INSERT INTO CATEGORIA_RESTAURANTE(nome) VALUES ('CHINES');
INSERT INTO CATEGORIA_RESTAURANTE(nome) VALUES ('JAPONESA');
INSERT INTO CATEGORIA_RESTAURANTE(nome) VALUES ('CHURRASCO');
INSERT INTO CATEGORIA_RESTAURANTE(nome) VALUES ('SALGADOS');
INSERT INTO CATEGORIA_RESTAURANTE(nome) VALUES ('PIZZA');
INSERT INTO CATEGORIA_RESTAURANTE(nome) VALUES ('BEBIDAS');
INSERT INTO CATEGORIA_RESTAURANTE(nome) VALUES ('DOCES');
INSERT INTO CATEGORIA_RESTAURANTE(nome) VALUES ('TUDO');


INSERT INTO CLIENTE(cpf,nome, sobrenome, telefone, idade, usuario_id) VALUES('123123','Guilherme','Silva', '1234-1234', 30,1);
INSERT INTO CLIENTE(cpf,nome, sobrenome, telefone, idade, usuario_id) VALUES('456789','Marcos','Hassleberg', '2134-5978', 25,4);
INSERT INTO CLIENTE(cpf,nome, sobrenome, telefone, idade, usuario_id) VALUES('101112','Amanda','Nunes', '1234-3794', 28,7);
INSERT INTO CLIENTE(cpf,nome, sobrenome, telefone, idade, usuario_id) VALUES('131415','David','Silva', '1234-3915', 35,10);
INSERT INTO CLIENTE(cpf,nome, sobrenome, telefone, idade, usuario_id) VALUES('161718','Maria','Souza', '1234-4668', 38,13);
INSERT INTO CLIENTE(cpf,nome, sobrenome, telefone, idade, usuario_id) VALUES('192021','Carlos','Andrade', '1234-7816', 47,16);
INSERT INTO CLIENTE(cpf,nome, sobrenome, telefone, idade, usuario_id) VALUES('212223','Gustavo','Henrique', '1234-9875', 19,19);


INSERT INTO RESTAURANTE(cnpj,nome, email, telefone, imagem, usuario_id, categoria_restaurante_id) VALUES('123123','DOMINOS','DOMINOS@TOP.COM','1234-1234','https://www.fam.br/wp-content/uploads/2019/04/dominos.png', 2,8);
INSERT INTO RESTAURANTE(cnpj,nome, email, telefone, imagem, usuario_id, categoria_restaurante_id) VALUES('123123','PIZZA-HUT','PIZZAHUT@TOP.COM','1234-1234','https://static-images.ifood.com.br/image/upload/f_auto,t_high/logosgde/PH_logo1_CMYK_PIZZA_DALGO.png', 5,8);
INSERT INTO RESTAURANTE(cnpj,nome, email, telefone, imagem, usuario_id, categoria_restaurante_id) VALUES('123123','NAKATO SUSHI','NAKATO@TOP.COM','1234-1234','https://lh3.googleusercontent.com/MRwx3ZjwpK8FSe55B3X93VMzbJQMqnI158YOJF14KEMWS6je-4ZUkO6lI7thSNXoqJs', 8,5);
INSERT INTO RESTAURANTE(cnpj,nome, email, telefone, imagem, usuario_id, categoria_restaurante_id) VALUES('123123','CHINA IN BOX','CHINA@TOP.COM','1234-1234','https://images.uncyc.org/pt/d/dd/Chinabox.gif', 11,4);
INSERT INTO RESTAURANTE(cnpj,nome, email, telefone, imagem, usuario_id, categoria_restaurante_id) VALUES('123123','BURGER KING','BURGER@TOP.COM','1234-1234','https://img2.gratispng.com/20180330/sxw/kisspng-kfc-hamburger-burger-king-logo-pizza-hut-burger-king-5abdff75d1e5e1.6836848015224011418598.jpg', 14,3);
INSERT INTO RESTAURANTE(cnpj,nome, email, telefone, imagem, usuario_id, categoria_restaurante_id) VALUES('123123','SUBWAY','SUBWAY@TOP.COM','1234-1234','https://www.codemoney.com.br/site2017/wp-content/uploads/2018/12/porque-o-subway-tem-esse-nome.jpg', 17,1);
INSERT INTO RESTAURANTE(cnpj,nome, email, telefone, imagem, usuario_id, categoria_restaurante_id) VALUES('123123','HABBIBS','HABBIBS@TOP.COM','1234-1234','https://mv2-production-hub.s3.amazonaws.com/uploads/company/logo/menu_4814512ee9715325dbd89e576245041e.png', 20,2);



INSERT INTO ENTREGADOR(cpf,nome, sobrenome, telefone, idade, usuario_id) VALUES('123123','Tadao','Espanha', '1234-1234', 40,3);
INSERT INTO ENTREGADOR(cpf,nome, sobrenome, telefone, idade, usuario_id) VALUES('123123','Joao','Souza', '1234-1234', 23,6);
INSERT INTO ENTREGADOR(cpf,nome, sobrenome, telefone, idade, usuario_id) VALUES('123123','Paulo','Alberto', '1234-1234', 27,9);
INSERT INTO ENTREGADOR(cpf,nome, sobrenome, telefone, idade, usuario_id) VALUES('123123','Deivid','Araujo', '1234-1234', 34,12);
INSERT INTO ENTREGADOR(cpf,nome, sobrenome, telefone, idade, usuario_id) VALUES('123123','Alex','Silva', '1234-1234', 44,15);
INSERT INTO ENTREGADOR(cpf,nome, sobrenome, telefone, idade, usuario_id) VALUES('123123','Mauro','Souza', '1234-1234', 19,18);
INSERT INTO ENTREGADOR(cpf,nome, sobrenome, telefone, idade, usuario_id) VALUES('123123','Beaulo','Hashcowikz', '1234-1234', 22,21);

-- TABELA LOCAL VC COLOCA MAIS ESTADIOS DE SP
INSERT INTO LOCAL(NOME,EMAIL,TELEFONE, ENDERECO) VALUES('Arena-Corinthians','ArenaCorinthians@gmail.com','1234-1234',' Av. Miguel Ignácio Curi, 111');


-- TABELA SETOR VC COLOCA OS NOMES DE SETORES QUE EXISTEM NOS ESTADIOS DE SP
INSERT INTO SETOR(NOME) VALUES ('NORTE');
INSERT INTO SETOR(NOME) VALUES ('SUL');
INSERT INTO SETOR(NOME) VALUES ('LESTE');
INSERT INTO SETOR(NOME) VALUES ('OESTE');


INSERT INTO LOCAL_SETOR(LOCAL_ID, SETOR_ID) VALUES (1,1);
INSERT INTO LOCAL_SETOR(LOCAL_ID, SETOR_ID) VALUES (1,2);
INSERT INTO LOCAL_SETOR(LOCAL_ID, SETOR_ID) VALUES (1,3);
INSERT INTO LOCAL_SETOR(LOCAL_ID, SETOR_ID) VALUES (1,4);



-- TABELA BLOCO VC COLOCA OS NOMES DO BLOCO MAIS O NUMERO DA CADEIRA QUE EXISTEM NOS ESTADIOS DE SP
INSERT INTO BLOCO(NOME, NUMERO) VALUES ('A',1);
INSERT INTO BLOCO(NOME, NUMERO) VALUES ('A',2);
INSERT INTO BLOCO(NOME, NUMERO) VALUES ('A',3);
INSERT INTO BLOCO(NOME, NUMERO) VALUES ('A',4);
INSERT INTO BLOCO(NOME, NUMERO) VALUES ('A',5);
INSERT INTO BLOCO(NOME, NUMERO) VALUES ('A',6);
INSERT INTO BLOCO(NOME, NUMERO) VALUES ('A',7);
INSERT INTO BLOCO(NOME, NUMERO) VALUES ('A',8);
INSERT INTO BLOCO(NOME, NUMERO) VALUES ('A',9);
INSERT INTO BLOCO(NOME, NUMERO) VALUES ('A',10);
INSERT INTO BLOCO(NOME, NUMERO) VALUES ('B',1);
INSERT INTO BLOCO(NOME, NUMERO) VALUES ('B',2);
INSERT INTO BLOCO(NOME, NUMERO) VALUES ('B',3);
INSERT INTO BLOCO(NOME, NUMERO) VALUES ('B',4);
INSERT INTO BLOCO(NOME, NUMERO) VALUES ('B',5);
INSERT INTO BLOCO(NOME, NUMERO) VALUES ('B',6);
INSERT INTO BLOCO(NOME, NUMERO) VALUES ('B',7);
INSERT INTO BLOCO(NOME, NUMERO) VALUES ('B',8);
INSERT INTO BLOCO(NOME, NUMERO) VALUES ('B',9);
INSERT INTO BLOCO(NOME, NUMERO) VALUES ('B',10);
INSERT INTO BLOCO(NOME, NUMERO) VALUES ('C',1);
INSERT INTO BLOCO(NOME, NUMERO) VALUES ('C',2);
INSERT INTO BLOCO(NOME, NUMERO) VALUES ('C',3);
INSERT INTO BLOCO(NOME, NUMERO) VALUES ('C',4);
INSERT INTO BLOCO(NOME, NUMERO) VALUES ('C',5);
INSERT INTO BLOCO(NOME, NUMERO) VALUES ('C',6);
INSERT INTO BLOCO(NOME, NUMERO) VALUES ('C',7);
INSERT INTO BLOCO(NOME, NUMERO) VALUES ('C',8);
INSERT INTO BLOCO(NOME, NUMERO) VALUES ('C',9);
INSERT INTO BLOCO(NOME, NUMERO) VALUES ('C',10);
INSERT INTO BLOCO(NOME, NUMERO) VALUES ('D',1);
INSERT INTO BLOCO(NOME, NUMERO) VALUES ('D',2);
INSERT INTO BLOCO(NOME, NUMERO) VALUES ('D',3);
INSERT INTO BLOCO(NOME, NUMERO) VALUES ('D',4);
INSERT INTO BLOCO(NOME, NUMERO) VALUES ('D',5);
INSERT INTO BLOCO(NOME, NUMERO) VALUES ('D',6);
INSERT INTO BLOCO(NOME, NUMERO) VALUES ('D',7);
INSERT INTO BLOCO(NOME, NUMERO) VALUES ('D',8);
INSERT INTO BLOCO(NOME, NUMERO) VALUES ('D',9);
INSERT INTO BLOCO(NOME, NUMERO) VALUES ('D',10);
INSERT INTO BLOCO(NOME, NUMERO) VALUES ('E',1);
INSERT INTO BLOCO(NOME, NUMERO) VALUES ('E',2);
INSERT INTO BLOCO(NOME, NUMERO) VALUES ('E',3);
INSERT INTO BLOCO(NOME, NUMERO) VALUES ('E',4);
INSERT INTO BLOCO(NOME, NUMERO) VALUES ('E',5);
INSERT INTO BLOCO(NOME, NUMERO) VALUES ('E',6);
INSERT INTO BLOCO(NOME, NUMERO) VALUES ('E',7);
INSERT INTO BLOCO(NOME, NUMERO) VALUES ('E',8);
INSERT INTO BLOCO(NOME, NUMERO) VALUES ('E',9);
INSERT INTO BLOCO(NOME, NUMERO) VALUES ('E',10);


-- TABELA LOCAL_SETOR_ BLOCO, AQUI JUNTA O LOCAL_SETOR INFORMADO COM OS BLOCOS (TIPO ARENA CORINTHIANS NO LOCAL_SETOR(ARENA COR, LESTE) TEM OS BLOCO A B C D...
INSERT INTO LOCAL_SETOR_BLOCO(LOCAL_SETOR_ID, BLOCO_ID) VALUES (1,1);
INSERT INTO LOCAL_SETOR_BLOCO(LOCAL_SETOR_ID, BLOCO_ID) VALUES (1,2);
INSERT INTO LOCAL_SETOR_BLOCO(LOCAL_SETOR_ID, BLOCO_ID) VALUES (1,3);
INSERT INTO LOCAL_SETOR_BLOCO(LOCAL_SETOR_ID, BLOCO_ID) VALUES (1,4);
INSERT INTO LOCAL_SETOR_BLOCO(LOCAL_SETOR_ID, BLOCO_ID) VALUES (1,5);
INSERT INTO LOCAL_SETOR_BLOCO(LOCAL_SETOR_ID, BLOCO_ID) VALUES (2,1);
INSERT INTO LOCAL_SETOR_BLOCO(LOCAL_SETOR_ID, BLOCO_ID) VALUES (2,2);
INSERT INTO LOCAL_SETOR_BLOCO(LOCAL_SETOR_ID, BLOCO_ID) VALUES (2,3);
INSERT INTO LOCAL_SETOR_BLOCO(LOCAL_SETOR_ID, BLOCO_ID) VALUES (2,4);
INSERT INTO LOCAL_SETOR_BLOCO(LOCAL_SETOR_ID, BLOCO_ID) VALUES (2,5);
INSERT INTO LOCAL_SETOR_BLOCO(LOCAL_SETOR_ID, BLOCO_ID) VALUES (3,1);
INSERT INTO LOCAL_SETOR_BLOCO(LOCAL_SETOR_ID, BLOCO_ID) VALUES (3,2);
INSERT INTO LOCAL_SETOR_BLOCO(LOCAL_SETOR_ID, BLOCO_ID) VALUES (3,3);
INSERT INTO LOCAL_SETOR_BLOCO(LOCAL_SETOR_ID, BLOCO_ID) VALUES (3,4);
INSERT INTO LOCAL_SETOR_BLOCO(LOCAL_SETOR_ID, BLOCO_ID) VALUES (3,5);
INSERT INTO LOCAL_SETOR_BLOCO(LOCAL_SETOR_ID, BLOCO_ID) VALUES (4,1);
INSERT INTO LOCAL_SETOR_BLOCO(LOCAL_SETOR_ID, BLOCO_ID) VALUES (4,2);
INSERT INTO LOCAL_SETOR_BLOCO(LOCAL_SETOR_ID, BLOCO_ID) VALUES (4,3);
INSERT INTO LOCAL_SETOR_BLOCO(LOCAL_SETOR_ID, BLOCO_ID) VALUES (4,4);
INSERT INTO LOCAL_SETOR_BLOCO(LOCAL_SETOR_ID, BLOCO_ID) VALUES (4,5);


-- TABELA PRODUTO, AQUI VAI TER A CATEGORIA DO PRODUTO, OS NOMES, QUANTO MAIS MELHOR
INSERT INTO PRODUTO(CATEGORIA_PRODUTO) VALUES ('HAMBURGUER');
INSERT INTO PRODUTO(CATEGORIA_PRODUTO) VALUES ('BEBIDA');
INSERT INTO PRODUTO(CATEGORIA_PRODUTO) VALUES ('ESFIRRA');
INSERT INTO PRODUTO(CATEGORIA_PRODUTO) VALUES ('PIZZA');
INSERT INTO PRODUTO(CATEGORIA_PRODUTO) VALUES ('MACARRÃO');
INSERT INTO PRODUTO(CATEGORIA_PRODUTO) VALUES ('SUSHI');
INSERT INTO PRODUTO(CATEGORIA_PRODUTO) VALUES ('LANCHE');

-- TABELA RESTAURANTE_PRODUTO, AQUI VAI TER OS PRODUTOS DO RESTAURANTE OS NOMES, QUANTO MAIS MELHOR
INSERT INTO RESTAURANTE_PRODUTO(HABILITADO_VENDA, PRECO, IMAGEM, NOME_PERSONALIZADO, DETALHES, RESTAURANTE_ID, PRODUTO_ID) VALUES (true, 40.90, 'https://blogs2.tvaratu.com.br/comsabor/wp-content/uploads/sites/68/2017/07/Cheese-and-Tomato-Pizza-Dominos-1.jpg', 'PIZZA DE MUSSARELA','PIZZA DE QUEIJO FEITA NA HORA', 1, 4);
INSERT INTO RESTAURANTE_PRODUTO(HABILITADO_VENDA, PRECO, IMAGEM, NOME_PERSONALIZADO, DETALHES, RESTAURANTE_ID, PRODUTO_ID) VALUES (true, 40.90, 'https://img.stpu.com.br/?img=https://s3.amazonaws.com/pu-mgr/default/a0RG000000rGqTjMAK/5a380cf9e4b0de92ce37f0fb.jpg&w=710&h=462', 'PIZZA DE PEPPERONI','PIZZA DE PEPPERONI FEITA NA HORA', 1, 4);
INSERT INTO RESTAURANTE_PRODUTO(HABILITADO_VENDA, PRECO, IMAGEM, NOME_PERSONALIZADO, DETALHES, RESTAURANTE_ID, PRODUTO_ID) VALUES (true, 35.90, 'https://static.portaldacidade.com/unsafe/1150x767/https://s3.amazonaws.com/fozdoiguacu.portaldacidade.com/img/news/2018-11/pizza-hut-da-50-de-desconto-na-pizza-de-mussarela-na-semana-da-black-friday-5bf3519121563.png', 'PIZZA DE MUSSARELA','PIZZA DE QUEIJO FEITA NA HORA', 2, 4);
INSERT INTO RESTAURANTE_PRODUTO(HABILITADO_VENDA, PRECO, IMAGEM, NOME_PERSONALIZADO, DETALHES, RESTAURANTE_ID, PRODUTO_ID) VALUES (true, 35.90, 'https://img.stpu.com.br/?img=https://s3.amazonaws.com/pu-mgr/default/a0R0f00000xF8Q1EAK/5cee86b0e4b09dad05758b0f.jpg&w=710&h=462', 'PIZZA DE PEPPERONI','PIZZA DE PEPPERONI FEITA NA HORA', 2, 4);
INSERT INTO RESTAURANTE_PRODUTO(HABILITADO_VENDA, PRECO, IMAGEM, NOME_PERSONALIZADO, DETALHES, RESTAURANTE_ID, PRODUTO_ID) VALUES (true, 4.90, 'https://i.pinimg.com/originals/8d/3b/2e/8d3b2ee01c2e5166992b3b0fc679de80.jpg', 'ESFIHA DE QUEIJO','ESFIHA DE QUEIJO FEITA NA HORA', 7, 3);
INSERT INTO RESTAURANTE_PRODUTO(HABILITADO_VENDA, PRECO, IMAGEM, NOME_PERSONALIZADO, DETALHES, RESTAURANTE_ID, PRODUTO_ID) VALUES (true, 4.90, 'https://ocardapio.net/wp-content/uploads/2017/03/esfiha-habibs.jpg', 'ESFIHA DE CARNE','ESFIHA DE CARNE FEITA NA HORA', 7, 3);
INSERT INTO RESTAURANTE_PRODUTO(HABILITADO_VENDA, PRECO, IMAGEM, NOME_PERSONALIZADO, DETALHES, RESTAURANTE_ID, PRODUTO_ID) VALUES (true, 8.90, 'https://img.stpu.com.br/?img=https://s3.amazonaws.com/pu-mgr/default/a0R0f000010b4doEAA/5c18f4cfe4b09315b49da5a4.jpg&w=710&h=462', 'HOT ROLL', 'CONTEM 6 UNIDADES', 3, 6);
INSERT INTO RESTAURANTE_PRODUTO(HABILITADO_VENDA, PRECO, IMAGEM, NOME_PERSONALIZADO, DETALHES, RESTAURANTE_ID, PRODUTO_ID) VALUES (true, 16.90, 'https://img.cybercook.com.br/receitas/351/sushi-california-3.jpeg', 'SUSHI', 'PEIXE FRESCO, ACOMPANHA MOLHO SHOYO, 3 unidades', 3,6);
INSERT INTO RESTAURANTE_PRODUTO(HABILITADO_VENDA, PRECO, IMAGEM, NOME_PERSONALIZADO, DETALHES, RESTAURANTE_ID, PRODUTO_ID) VALUES (true, 30.90, 'https://i0.wp.com/guiacomerebeber.com.br/wp-content/uploads/2019/09/China-In-Box-Santos-Yakissoba-Guia-Comer-Beber-Revista-Nove.jpg?fit=730%2C480&ssl=1', 'YAKISSOBA', 'MACARRÃO FRESCO, ACOMPANHA MOLHO SHOYO E LEGUMES', 4,5);
INSERT INTO RESTAURANTE_PRODUTO(HABILITADO_VENDA, PRECO, IMAGEM, NOME_PERSONALIZADO, DETALHES, RESTAURANTE_ID, PRODUTO_ID) VALUES (true, 25.90, 'https://www.thepackagingcompany.us/knowledge-sharing/wp-content/uploads/sites/2/2019/05/ip-bk-whopper-blog.jpg', 'WHOPPER', 'SUCULENTO E BOM, MT QUEIJO, E CARNE GRANDE', 5, 1);
INSERT INTO RESTAURANTE_PRODUTO(HABILITADO_VENDA, PRECO, IMAGEM, NOME_PERSONALIZADO, DETALHES, RESTAURANTE_ID, PRODUTO_ID) VALUES (true, 29.90, 'https://bk-latam-prod.s3.amazonaws.com/sites/burgerking.com.br/files/500x540px-MS-3.0.png', 'STACKER TRIPLO', 'SUCULENTO E BOM, MT QUEIJO, E CARNE GRANDE', 5, 1);
INSERT INTO RESTAURANTE_PRODUTO(HABILITADO_VENDA, PRECO, IMAGEM, NOME_PERSONALIZADO, DETALHES, RESTAURANTE_ID, PRODUTO_ID) VALUES (true, 29.90, 'https://www.testapramim.com.br/wp-content/uploads/2018/03/sanduiche-presunto-subway.jpg', 'LANCHE PRESUNTO', 'SUCULENTO E BOM', 6, 7);
INSERT INTO RESTAURANTE_PRODUTO(HABILITADO_VENDA, PRECO, IMAGEM, NOME_PERSONALIZADO, DETALHES, RESTAURANTE_ID, PRODUTO_ID) VALUES (true, 8.90, 'https://delivery.twom.com.br/wp-content/uploads/2018/10/1579_REFRIGERANTE_LATA_-_350ml_17d2e336feb44a2696fd6cf852c41b50.jpeg', 'REFRIGERANTE','COCA-COLA, GUARANA, FANTA (LATA)', 1, 2);
INSERT INTO RESTAURANTE_PRODUTO(HABILITADO_VENDA, PRECO, IMAGEM, NOME_PERSONALIZADO, DETALHES, RESTAURANTE_ID, PRODUTO_ID) VALUES (true, 10.90, 'https://static.carrefour.com.br/medias/sys_master/images/images/h53/hc6/h00/h00/15165694771230.jpg', 'CERVEJA SEM ALCOOL','CERVEJA GELADA 0% ALCOOL', 1, 2);
INSERT INTO RESTAURANTE_PRODUTO(HABILITADO_VENDA, PRECO, IMAGEM, NOME_PERSONALIZADO, DETALHES, RESTAURANTE_ID, PRODUTO_ID) VALUES (true, 8.90, 'https://delivery.twom.com.br/wp-content/uploads/2018/10/1579_REFRIGERANTE_LATA_-_350ml_17d2e336feb44a2696fd6cf852c41b50.jpeg', 'REFRIGERANTE','COCA-COLA, GUARANA, FANTA (LATA)', 2, 2);
INSERT INTO RESTAURANTE_PRODUTO(HABILITADO_VENDA, PRECO, IMAGEM, NOME_PERSONALIZADO, DETALHES, RESTAURANTE_ID, PRODUTO_ID) VALUES (true, 10.90, 'https://static.carrefour.com.br/medias/sys_master/images/images/h53/hc6/h00/h00/15165694771230.jpg', 'CERVEJA SEM ALCOOL','CERVEJA GELADA 0% ALCOOL', 2, 2);
INSERT INTO RESTAURANTE_PRODUTO(HABILITADO_VENDA, PRECO, IMAGEM, NOME_PERSONALIZADO, DETALHES, RESTAURANTE_ID, PRODUTO_ID) VALUES (true, 8.90, 'https://delivery.twom.com.br/wp-content/uploads/2018/10/1579_REFRIGERANTE_LATA_-_350ml_17d2e336feb44a2696fd6cf852c41b50.jpeg', 'REFRIGERANTE','COCA-COLA, GUARANA, FANTA (LATA)', 3, 2);
INSERT INTO RESTAURANTE_PRODUTO(HABILITADO_VENDA, PRECO, IMAGEM, NOME_PERSONALIZADO, DETALHES, RESTAURANTE_ID, PRODUTO_ID) VALUES (true, 10.90, 'https://static.carrefour.com.br/medias/sys_master/images/images/h53/hc6/h00/h00/15165694771230.jpg', 'CERVEJA SEM ALCOOL','CERVEJA GELADA 0% ALCOOL', 3, 2);
INSERT INTO RESTAURANTE_PRODUTO(HABILITADO_VENDA, PRECO, IMAGEM, NOME_PERSONALIZADO, DETALHES, RESTAURANTE_ID, PRODUTO_ID) VALUES (true, 8.90, 'https://delivery.twom.com.br/wp-content/uploads/2018/10/1579_REFRIGERANTE_LATA_-_350ml_17d2e336feb44a2696fd6cf852c41b50.jpeg', 'REFRIGERANTE','COCA-COLA, GUARANA, FANTA (LATA)', 4, 2);
INSERT INTO RESTAURANTE_PRODUTO(HABILITADO_VENDA, PRECO, IMAGEM, NOME_PERSONALIZADO, DETALHES, RESTAURANTE_ID, PRODUTO_ID) VALUES (true, 10.90, 'https://static.carrefour.com.br/medias/sys_master/images/images/h53/hc6/h00/h00/15165694771230.jpg', 'CERVEJA SEM ALCOOL','CERVEJA GELADA 0% ALCOOL', 4, 2);
INSERT INTO RESTAURANTE_PRODUTO(HABILITADO_VENDA, PRECO, IMAGEM, NOME_PERSONALIZADO, DETALHES, RESTAURANTE_ID, PRODUTO_ID) VALUES (true, 8.90, 'https://delivery.twom.com.br/wp-content/uploads/2018/10/1579_REFRIGERANTE_LATA_-_350ml_17d2e336feb44a2696fd6cf852c41b50.jpeg', 'REFRIGERANTE','COCA-COLA, GUARANA, FANTA (LATA)', 5, 2);
INSERT INTO RESTAURANTE_PRODUTO(HABILITADO_VENDA, PRECO, IMAGEM, NOME_PERSONALIZADO, DETALHES, RESTAURANTE_ID, PRODUTO_ID) VALUES (true, 10.90, 'https://static.carrefour.com.br/medias/sys_master/images/images/h53/hc6/h00/h00/15165694771230.jpg', 'CERVEJA SEM ALCOOL','CERVEJA GELADA 0% ALCOOL', 5, 2);
INSERT INTO RESTAURANTE_PRODUTO(HABILITADO_VENDA, PRECO, IMAGEM, NOME_PERSONALIZADO, DETALHES, RESTAURANTE_ID, PRODUTO_ID) VALUES (true, 8.90, 'https://delivery.twom.com.br/wp-content/uploads/2018/10/1579_REFRIGERANTE_LATA_-_350ml_17d2e336feb44a2696fd6cf852c41b50.jpeg', 'REFRIGERANTE','COCA-COLA, GUARANA, FANTA (LATA)', 6, 2);
INSERT INTO RESTAURANTE_PRODUTO(HABILITADO_VENDA, PRECO, IMAGEM, NOME_PERSONALIZADO, DETALHES, RESTAURANTE_ID, PRODUTO_ID) VALUES (true, 10.90, 'https://static.carrefour.com.br/medias/sys_master/images/images/h53/hc6/h00/h00/15165694771230.jpg', 'CERVEJA SEM ALCOOL','CERVEJA GELADA 0% ALCOOL', 6, 2);
INSERT INTO RESTAURANTE_PRODUTO(HABILITADO_VENDA, PRECO, IMAGEM, NOME_PERSONALIZADO, DETALHES, RESTAURANTE_ID, PRODUTO_ID) VALUES (true, 8.90, 'https://delivery.twom.com.br/wp-content/uploads/2018/10/1579_REFRIGERANTE_LATA_-_350ml_17d2e336feb44a2696fd6cf852c41b50.jpeg', 'REFRIGERANTE','COCA-COLA, GUARANA, FANTA (LATA)', 7, 2);
INSERT INTO RESTAURANTE_PRODUTO(HABILITADO_VENDA, PRECO, IMAGEM, NOME_PERSONALIZADO, DETALHES, RESTAURANTE_ID, PRODUTO_ID) VALUES (true, 10.90, 'https://static.carrefour.com.br/medias/sys_master/images/images/h53/hc6/h00/h00/15165694771230.jpg', 'CERVEJA SEM ALCOOL','CERVEJA GELADA 0% ALCOOL', 7, 2);


-- TABELA CLIENTE_LOCAL_SETOR_BLOCO É A TABELA QUE VAI ESTAR SALVO A LOCALIZAÇÃO DO CLIENTE NO ESTADIO, AQUI VC CRIA PRA BATER A QUANTIDADE COM A DE CLIENTE
INSERT INTO CLIENTE_LOCAL_SETOR_BLOCO(CLIENTE_ID, LOCAL_SETOR_BLOCO_ID, DATA_PRESENTE) VALUES (1,1,CURRENT_DATE);
INSERT INTO CLIENTE_LOCAL_SETOR_BLOCO(CLIENTE_ID, LOCAL_SETOR_BLOCO_ID, DATA_PRESENTE) VALUES (2,1,CURRENT_DATE);
INSERT INTO CLIENTE_LOCAL_SETOR_BLOCO(CLIENTE_ID, LOCAL_SETOR_BLOCO_ID, DATA_PRESENTE) VALUES (3,1,CURRENT_DATE);
INSERT INTO CLIENTE_LOCAL_SETOR_BLOCO(CLIENTE_ID, LOCAL_SETOR_BLOCO_ID, DATA_PRESENTE) VALUES (4,2,CURRENT_DATE);
INSERT INTO CLIENTE_LOCAL_SETOR_BLOCO(CLIENTE_ID, LOCAL_SETOR_BLOCO_ID, DATA_PRESENTE) VALUES (5,2,CURRENT_DATE);
INSERT INTO CLIENTE_LOCAL_SETOR_BLOCO(CLIENTE_ID, LOCAL_SETOR_BLOCO_ID, DATA_PRESENTE) VALUES (6,3,CURRENT_DATE);
INSERT INTO CLIENTE_LOCAL_SETOR_BLOCO(CLIENTE_ID, LOCAL_SETOR_BLOCO_ID, DATA_PRESENTE) VALUES (7,4,CURRENT_DATE);

-- TABELA ENTREGADOR_LOCAL_SETOR É A TABELA QUE VAI ESTAR SALVO A LOCALIZAÇÃO DO ENTREGADOR NO ESTADIO, AQUI VC CRIA PRA BATER A QUANTIDADE COM A DE ENTREGADOR
INSERT INTO ENTREGADOR_LOCAL_SETOR(ENTREGADOR_ID, LOCAL_SETOR_ID, DATA_PRESENTE) VALUES (1,1, CURRENT_DATE);
INSERT INTO ENTREGADOR_LOCAL_SETOR(ENTREGADOR_ID, LOCAL_SETOR_ID, DATA_PRESENTE) VALUES (2,2, CURRENT_DATE);
INSERT INTO ENTREGADOR_LOCAL_SETOR(ENTREGADOR_ID, LOCAL_SETOR_ID, DATA_PRESENTE) VALUES (3,2, CURRENT_DATE);
INSERT INTO ENTREGADOR_LOCAL_SETOR(ENTREGADOR_ID, LOCAL_SETOR_ID, DATA_PRESENTE) VALUES (4,3, CURRENT_DATE);
INSERT INTO ENTREGADOR_LOCAL_SETOR(ENTREGADOR_ID, LOCAL_SETOR_ID, DATA_PRESENTE) VALUES (5,3, CURRENT_DATE);
INSERT INTO ENTREGADOR_LOCAL_SETOR(ENTREGADOR_ID, LOCAL_SETOR_ID, DATA_PRESENTE) VALUES (6,1, CURRENT_DATE);
INSERT INTO ENTREGADOR_LOCAL_SETOR(ENTREGADOR_ID, LOCAL_SETOR_ID, DATA_PRESENTE) VALUES (7,4, CURRENT_DATE);


-- TABELA RESTAURANTE_LOCAL_SETOR É A TABELA QUE VAI ESTAR SALVO A LOCALIZAÇÃO DO RESTAURANTE NO ESTADIO, AQUI VC CRIA PRA BATER A QUANTIDADE COM A DE RESTAURANTE
INSERT INTO RESTAURANTE_LOCAL_SETOR(RESTAURANTE_ID, LOCAL_SETOR_ID) VALUES (1,1);
INSERT INTO RESTAURANTE_LOCAL_SETOR(RESTAURANTE_ID, LOCAL_SETOR_ID) VALUES (1,1);
INSERT INTO RESTAURANTE_LOCAL_SETOR(RESTAURANTE_ID, LOCAL_SETOR_ID) VALUES (2,1);
INSERT INTO RESTAURANTE_LOCAL_SETOR(RESTAURANTE_ID, LOCAL_SETOR_ID) VALUES (3,1);
INSERT INTO RESTAURANTE_LOCAL_SETOR(RESTAURANTE_ID, LOCAL_SETOR_ID) VALUES (4,2);
INSERT INTO RESTAURANTE_LOCAL_SETOR(RESTAURANTE_ID, LOCAL_SETOR_ID) VALUES (5,2);
INSERT INTO RESTAURANTE_LOCAL_SETOR(RESTAURANTE_ID, LOCAL_SETOR_ID) VALUES (6,3);
INSERT INTO RESTAURANTE_LOCAL_SETOR(RESTAURANTE_ID, LOCAL_SETOR_ID) VALUES (7,4);

-- TABELA DE PEDIDO, AQUI VC COLOCA AS INFORMAÇOES DO PEDIDO COM STATUS DIFERENTES E TIPOS DE ENTREGA DIFERENTE E COM O ID DO ENTREGADOR, NULL EM ALGUNS CASOS TBM, VAI CRIANDO.
INSERT INTO PEDIDO(DATA, HORA, AVALIACAO_PEDIDO, AVALIACAO_ENTREGADOR, CLIENTE_LOCAL_SETOR_BLOCO_ID,RESTAURANTE_LOCAL_SETOR_ID, ENTREGADOR_LOCAL_SETOR_ID, TIPO_ENTREGA_ID, STATUS_ID, VALOR_TOTAL) VALUES (CURRENT_DATE, CURRENT_TIME,0,0, 1,1,null,2,2,0);
INSERT INTO PEDIDO(DATA, HORA, AVALIACAO_PEDIDO, AVALIACAO_ENTREGADOR,CLIENTE_LOCAL_SETOR_BLOCO_ID,RESTAURANTE_LOCAL_SETOR_ID, ENTREGADOR_LOCAL_SETOR_ID, TIPO_ENTREGA_ID, STATUS_ID, VALOR_TOTAL) VALUES (CURRENT_DATE, CURRENT_TIME,5,5, 1,1,1,2,5,40);
INSERT INTO PEDIDO(DATA, HORA, AVALIACAO_PEDIDO, AVALIACAO_ENTREGADOR,CLIENTE_LOCAL_SETOR_BLOCO_ID,RESTAURANTE_LOCAL_SETOR_ID, ENTREGADOR_LOCAL_SETOR_ID, TIPO_ENTREGA_ID, STATUS_ID,VALOR_TOTAL) VALUES (CURRENT_DATE, CURRENT_TIME,5,4, 1,1,1,2,5,50);
INSERT INTO PEDIDO(DATA, HORA, AVALIACAO_PEDIDO, AVALIACAO_ENTREGADOR,CLIENTE_LOCAL_SETOR_BLOCO_ID,RESTAURANTE_LOCAL_SETOR_ID, ENTREGADOR_LOCAL_SETOR_ID, TIPO_ENTREGA_ID, STATUS_ID,VALOR_TOTAL) VALUES (CURRENT_DATE, CURRENT_TIME,0,0, 2,2,null,2,1,0);


-- TABELA DO DOS PRODUTOS DO PEDIDO, AQUI CONTEM OS PRODUTOS NO PEDIDO
INSERT INTO PEDIDO_PRODUTO(QUANTIDADE, OBSERVACAO, RESTAURANTE_PRODUTO_ID, PEDIDO_ID) VALUES (1,NULL,1,1);
INSERT INTO PEDIDO_PRODUTO(QUANTIDADE, OBSERVACAO, RESTAURANTE_PRODUTO_ID, PEDIDO_ID) VALUES (1,NULL,1,2);
INSERT INTO PEDIDO_PRODUTO(QUANTIDADE, OBSERVACAO, RESTAURANTE_PRODUTO_ID, PEDIDO_ID) VALUES (1,NULL,2,3);

